label,structure,operation,count,mean_ns,p50_ns,p99_ns,total_seconds,final_size,final_height,rotations_left,rotations_right
scale_n100_r1,avl,I,75,19538.666666666668,9500,568100,0.0014654,9,4,20,23
scale_n100_r1,avl,D,70,7288.571428571428,6500,46300,0.0005102,9,4,20,23
scale_n100_r1,avl,S,55,2090.909090909091,1900,7700,0.000115,9,4,20,23
scale_n100_r1,avl,RANK,55,1558.1818181818182,1500,5500,8.57e-05,9,4,20,23
scale_n100_r1,avl,SELECT,55,1956.3636363636363,1900,3800,0.0001076,9,4,20,23
scale_n100_r1,avl,RANGE,55,4716.363636363636,3100,83300,0.0002594,9,4,20,23
scale_n100_r1,avl,ALL,365,6967.945205479452,2500,71000,0.0025433,9,4,20,23
scale_n100_r1,bst,I,75,2260.0,1900,22900,0.0001695,9,4,0,0
scale_n100_r1,bst,D,70,2741.4285714285716,2200,40400,0.0001919,9,4,0,0
scale_n100_r1,bst,S,55,2667.2727272727275,2200,21400,0.0001467,9,4,0,0
scale_n100_r1,bst,RANK,55,3712.7272727272725,3300,8700,0.0002042,9,4,0,0
scale_n100_r1,bst,SELECT,55,4536.363636363636,4300,16400,0.0002495,9,4,0,0
scale_n100_r1,bst,RANGE,55,5014.545454545455,4600,9400,0.0002758,9,4,0,0
scale_n100_r1,bst,ALL,365,3390.6849315068494,2400,16400,0.0012376,9,4,0,0
scale_n100_r2,avl,I,75,32509.333333333332,10300,1628000,0.0024382,9,4,20,23
scale_n100_r2,avl,D,70,8135.714285714285,7200,47200,0.0005695,9,4,20,23
scale_n100_r2,avl,S,55,2707.2727272727275,2200,16200,0.0001489,9,4,20,23
scale_n100_r2,avl,RANK,55,1943.6363636363637,1800,5800,0.0001069,9,4,20,23
scale_n100_r2,avl,SELECT,55,2361.818181818182,2200,4200,0.0001299,9,4,20,23
scale_n100_r2,avl,RANGE,55,4270.909090909091,4000,17200,0.0002349,9,4,20,23
scale_n100_r2,avl,ALL,365,9940.547945205479,3200,26400,0.0036283,9,4,20,23
scale_n100_r2,bst,I,75,1740.0,1700,8500,0.0001305,9,4,0,0
scale_n100_r2,bst,D,70,1925.7142857142858,1800,8100,0.0001348,9,4,0,0
scale_n100_r2,bst,S,55,2001.8181818181818,1800,7100,0.0001101,9,4,0,0
scale_n100_r2,bst,RANK,55,3547.2727272727275,2600,42000,0.0001951,9,4,0,0
scale_n100_r2,bst,SELECT,55,3763.6363636363635,3500,18300,0.000207,9,4,0,0
scale_n100_r2,bst,RANGE,55,4029.090909090909,3600,7300,0.0002216,9,4,0,0
scale_n100_r2,bst,ALL,365,2737.2602739726026,2000,8100,0.0009991,9,4,0,0
scale_n100_r3,avl,I,75,10416.0,9000,37100,0.0007812,9,4,20,23
scale_n100_r3,avl,D,70,11974.285714285714,7800,191600,0.0008382,9,4,20,23
scale_n100_r3,avl,S,55,3650.909090909091,2300,57800,0.0002008,9,4,20,23
scale_n100_r3,avl,RANK,55,1840.0,1700,6100,0.0001012,9,4,20,23
scale_n100_r3,avl,SELECT,55,2289.090909090909,2300,6500,0.0001259,9,4,20,23
scale_n100_r3,avl,RANGE,55,4810.909090909091,3700,58100,0.0002646,9,4,20,23
scale_n100_r3,avl,ALL,365,6333.972602739726,2800,57800,0.0023119,9,4,20,23
scale_n100_r3,bst,I,75,1998.6666666666667,1600,25400,0.0001499,9,4,0,0
scale_n100_r3,bst,D,70,1840.0,1700,5000,0.0001288,9,4,0,0
scale_n100_r3,bst,S,55,2190.909090909091,1900,6700,0.0001205,9,4,0,0
scale_n100_r3,bst,RANK,55,2940.0,2700,6500,0.0001617,9,4,0,0
scale_n100_r3,bst,SELECT,55,3650.909090909091,3800,6800,0.0002008,9,4,0,0
scale_n100_r3,bst,RANGE,55,4069.090909090909,3800,7900,0.0002238,9,4,0,0
scale_n100_r3,bst,ALL,365,2700.0,2100,6800,0.0009855,9,4,0,0
scale_n1000_r1,avl,I,713,31596.49368863955,24800,122900,0.0225283,184,9,349,308
scale_n1000_r1,avl,D,556,30699.460431654676,21200,111900,0.0170689,184,9,349,308
scale_n1000_r1,avl,S,731,4089.603283173735,2900,7100,0.0029895,184,9,349,308
scale_n1000_r1,avl,RANK,500,3558.4,3500,6300,0.0017792,184,9,349,308
scale_n1000_r1,avl,SELECT,500,4453.2,4600,6300,0.0022266,184,9,349,308
scale_n1000_r1,avl,RANGE,500,14991.4,8200,12500,0.0074957,184,9,349,308
scale_n1000_r1,avl,ALL,3500,15453.771428571428,6300,46700,0.0540882,184,9,349,308
scale_n1000_r1,bst,I,713,3329.733520336606,3200,7200,0.0023741,184,14,0,0
scale_n1000_r1,bst,D,556,3933.63309352518,3700,7000,0.0021871,184,14,0,0
scale_n1000_r1,bst,S,731,6702.735978112175,3100,15600,0.0048997,184,14,0,0
scale_n1000_r1,bst,RANK,500,76567.6,61400,534700,0.0382838,184,14,0,0
scale_n1000_r1,bst,SELECT,500,76610.4,51700,889500,0.0383052,184,14,0,0
scale_n1000_r1,bst,RANGE,500,64781.0,52100,434800,0.0323905,184,14,0,0
scale_n1000_r1,bst,ALL,3500,33840.114285714284,4300,277300,0.1184404,184,14,0,0
scale_n1000_r2,avl,I,713,29674.053295932677,24400,121800,0.0211576,184,9,349,308
scale_n1000_r2,avl,D,556,22217.446043165466,20900,75700,0.0123529,184,9,349,308
scale_n1000_r2,avl,S,731,3127.906976744186,2900,6600,0.0022865,184,9,349,308
scale_n1000_r2,avl,RANK,500,3365.2,3200,6100,0.0016826,184,9,349,308
scale_n1000_r2,avl,SELECT,500,4090.6,4100,6000,0.0020453,184,9,349,308
scale_n1000_r2,avl,RANGE,500,7370.6,7300,11300,0.0036853,184,9,349,308
scale_n1000_r2,avl,ALL,3500,12345.771428571428,5700,42700,0.0432102,184,9,349,308
scale_n1000_r2,bst,I,713,3283.8709677419356,3100,6000,0.0023414,184,14,0,0
scale_n1000_r2,bst,D,556,5347.482014388489,3600,8000,0.0029732,184,14,0,0
scale_n1000_r2,bst,S,731,4253.488372093023,3000,6900,0.0031093,184,14,0,0
scale_n1000_r2,bst,RANK,500,77810.2,60400,403000,0.0389051,184,14,0,0
scale_n1000_r2,bst,SELECT,500,75890.4,53200,430800,0.0379452,184,14,0,0
scale_n1000_r2,bst,RANGE,500,139490.6,49600,1243100,0.0697453,184,14,0,0
scale_n1000_r2,bst,ALL,3500,44291.28571428572,4300,222900,0.1550195,184,14,0,0
scale_n1000_r3,avl,I,713,40074.61430575035,25100,205100,0.0285732,184,9,349,308
scale_n1000_r3,avl,D,556,25783.992805755395,20900,76300,0.0143359,184,9,349,308
scale_n1000_r3,avl,S,731,3537.482900136799,2900,15300,0.0025859,184,9,349,308
scale_n1000_r3,avl,RANK,500,4051.8,3300,12500,0.0020259,184,9,349,308
scale_n1000_r3,avl,SELECT,500,6872.6,4300,17100,0.0034363,184,9,349,308
scale_n1000_r3,avl,RANGE,500,8211.6,7800,23100,0.0041058,184,9,349,308
scale_n1000_r3,avl,ALL,3500,15732.285714285714,6500,67600,0.055063,184,9,349,308
scale_n1000_r3,bst,I,713,3460.3085553997194,3200,15100,0.0024672,184,14,0,0
scale_n1000_r3,bst,D,556,4894.424460431655,3500,24800,0.0027213,184,14,0,0
scale_n1000_r3,bst,S,731,3548.153214774282,2900,16000,0.0025937,184,14,0,0
scale_n1000_r3,bst,RANK,500,86832.0,60800,634300,0.043416,184,14,0,0
scale_n1000_r3,bst,SELECT,500,73638.2,53700,406800,0.0368191,184,14,0,0
scale_n1000_r3,bst,RANGE,500,78346.4,50500,873800,0.0391732,184,14,0,0
scale_n1000_r3,bst,ALL,3500,36340.142857142855,4300,254800,0.1271905,184,14,0,0
scale_n10000_r1,avl,I,6907,62524.019111046764,32800,206900,0.4318534,1147,12,3431,3137
scale_n10000_r1,avl,D,6072,51941.63372859025,29000,193800,0.3153896,1147,12,3431,3137
scale_n10000_r1,avl,S,7021,12303.931063951004,3500,10000,0.0863859,1147,12,3431,3137
scale_n10000_r1,avl,RANK,500,4393.0,4200,6800,0.0021965,1147,12,3431,3137
scale_n10000_r1,avl,SELECT,500,6949.2,5700,24400,0.0034746,1147,12,3431,3137
scale_n10000_r1,avl,RANGE,500,12113.2,10100,41700,0.0060566,1147,12,3431,3137
scale_n10000_r1,avl,ALL,21500,39318.91162790698,24700,122300,0.8453566,1147,12,3431,3137
scale_n10000_r1,bst,I,6907,5400.34747357753,4000,8400,0.0373002,1147,19,0,0
scale_n10000_r1,bst,D,6072,5158.712121212121,4600,12700,0.0313237,1147,19,0,0
scale_n10000_r1,bst,S,7021,5543.099273607748,3600,8900,0.0389181,1147,19,0,0
scale_n10000_r1,bst,RANK,500,477492.2,394100,3145300,0.2387461,1147,19,0,0
scale_n10000_r1,bst,SELECT,500,446991.2,338100,3074100,0.2234956,1147,19,0,0
scale_n10000_r1,bst,RANGE,500,380116.4,279300,2462900,0.1900582,1147,19,0,0
scale_n10000_r1,bst,ALL,21500,35341.483720930235,4100,693500,0.7598419,1147,19,0,0
scale_n10000_r2,avl,I,6907,54340.61097437383,32700,182700,0.3753306,1147,12,3431,3137
scale_n10000_r2,avl,D,6072,42452.849143610016,29100,177900,0.2577737,1147,12,3431,3137
scale_n10000_r2,avl,S,7021,6941.689218060105,3500,9000,0.0487376,1147,12,3431,3137
scale_n10000_r2,avl,RANK,500,4581.8,4400,7400,0.0022909,1147,12,3431,3137
scale_n10000_r2,avl,SELECT,500,10935.0,5800,8500,0.0054675,1147,12,3431,3137
scale_n10000_r2,avl,RANGE,500,12301.4,10300,19300,0.0061507,1147,12,3431,3137
scale_n10000_r2,avl,ALL,21500,32360.511627906977,23600,107700,0.695751,1147,12,3431,3137
scale_n10000_r2,bst,I,6907,4557.912262921674,4000,7500,0.0314815,1147,19,0,0
scale_n10000_r2,bst,D,6072,7109.486166007905,4600,9900,0.0431688,1147,19,0,0
scale_n10000_r2,bst,S,7021,4642.315909414613,3600,6800,0.0325937,1147,19,0,0
scale_n10000_r2,bst,RANK,500,594780.0,411400,5717400,0.29739,1147,19,0,0
scale_n10000_r2,bst,SELECT,500,497709.2,369100,3740700,0.2488546,1147,19,0,0
scale_n10000_r2,bst,RANGE,500,440626.2,286200,4374300,0.2203131,1147,19,0,0
scale_n10000_r2,bst,ALL,21500,40641.93953488372,4100,709300,0.8738017,1147,19,0,0
scale_n10000_r3,avl,I,6907,39338.5985232373,32100,184800,0.2717117,1147,12,3431,3137
scale_n10000_r3,avl,D,6072,36617.473649538864,28400,120800,0.2223413,1147,12,3431,3137
scale_n10000_r3,avl,S,7021,4477.481840193705,3400,8300,0.0314364,1147,12,3431,3137
scale_n10000_r3,avl,RANK,500,4649.2,4500,8500,0.0023246,1147,12,3431,3137
scale_n10000_r3,avl,SELECT,500,6732.0,5700,18500,0.003366,1147,12,3431,3137
scale_n10000_r3,avl,RANGE,500,11874.0,10400,39100,0.005937,1147,12,3431,3137
scale_n10000_r3,avl,ALL,21500,24982.18604651163,22400,93400,0.537117,1147,12,3431,3137
scale_n10000_r3,bst,I,6907,6629.607644418706,3900,8200,0.0457907,1147,19,0,0
scale_n10000_r3,bst,D,6072,7754.446640316206,4500,11700,0.047085,1147,19,0,0
scale_n10000_r3,bst,S,7021,4177.040307648484,3500,6800,0.029327,1147,19,0,0
scale_n10000_r3,bst,RANK,500,454710.0,379200,2096000,0.227355,1147,19,0,0
scale_n10000_r3,bst,SELECT,500,492807.8,353800,3820100,0.2464039,1147,19,0,0
scale_n10000_r3,bst,RANGE,500,431345.6,271600,3581200,0.2156728,1147,19,0,0
scale_n10000_r3,bst,ALL,21500,37750.43720930233,4000,693400,0.8116344,1147,19,0,0
scale_n100000_r1,avl,I,70269,50081.44416456759,41400,198400,3.519173,13427,16,34247,31325
scale_n100000_r1,avl,D,59885,45930.879185104786,38400,173400,2.7505707,13427,16,34247,31325
scale_n100000_r1,avl,S,69846,5846.825874065802,4400,10800,0.4083774,13427,16,34247,31325
scale_n100000_r1,avl,RANK,500,3969.4,2000,17400,0.0019847,13427,16,34247,31325
scale_n100000_r1,avl,SELECT,500,5505.6,3100,21400,0.0027528,13427,16,34247,31325
scale_n100000_r1,avl,RANGE,500,13188.0,5600,53000,0.006594,13427,16,34247,31325
scale_n100000_r1,avl,ALL,201500,33198.27593052109,27700,129400,6.6894526,13427,16,34247,31325
scale_n100000_r1,bst,I,70269,6007.85979592708,5100,13800,0.4221663,13427,26,0,0
scale_n100000_r1,bst,D,59885,7454.424313267095,6000,15800,0.4464082,13427,26,0,0
scale_n100000_r1,bst,S,69846,5873.342782693354,4400,11400,0.4102295,13427,26,0,0
scale_n100000_r1,bst,RANK,500,5055159.0,4122200,16347600,2.5275795,13427,26,0,0
scale_n100000_r1,bst,SELECT,500,4613972.6,3798900,15256200,2.3069863,13427,26,0,0
scale_n100000_r1,bst,RANGE,500,4375230.0,3227500,15776700,2.187615,13427,26,0,0
scale_n100000_r1,bst,ALL,201500,41195.95434243176,5000,51300,8.3009848,13427,26,0,0
scale_n100000_r2,avl,I,70269,50186.29267529067,42100,210400,3.5265406,13427,16,34247,31325
scale_n100000_r2,avl,D,59885,48008.89705268431,39000,186700,2.8750128,13427,16,34247,31325
scale_n100000_r2,avl,S,69846,5204.614437476735,4400,10900,0.3635215,13427,16,34247,31325
scale_n100000_r2,avl,RANK,500,11907.6,4400,8700,0.0059538,13427,16,34247,31325
scale_n100000_r2,avl,SELECT,500,7510.8,6600,23500,0.0037554,13427,16,34247,31325
scale_n100000_r2,avl,RANGE,500,10431.8,11000,21100,0.0052159,13427,16,34247,31325
scale_n100000_r2,avl,ALL,201500,33647.642679900746,27100,125400,6.78,13427,16,34247,31325
scale_n100000_r2,bst,I,70269,8641.084973459136,5200,13600,0.6072004,13427,26,0,0
scale_n100000_r2,bst,D,59885,11750.705518911247,6200,19800,0.703691,13427,26,0,0
scale_n100000_r2,bst,S,69846,6724.8074334965495,4500,11600,0.4697009,13427,26,0,0
scale_n100000_r2,bst,RANK,500,6075262.8,4946800,34663100,3.0376314,13427,26,0,0
scale_n100000_r2,bst,SELECT,500,5359623.2,4582200,21888100,2.6798116,13427,26,0,0
scale_n100000_r2,bst,RANGE,500,5201105.6,4011300,24794900,2.6005528,13427,26,0,0
scale_n100000_r2,bst,ALL,201500,50117.06253101737,5200,77600,10.0985881,13427,26,0,0
scale_n100000_r3,avl,I,70269,48880.694189471884,41300,205800,3.4347975,13427,16,34247,31325
scale_n100000_r3,avl,D,59885,45320.33564331636,38400,196500,2.7140083,13427,16,34247,31325
scale_n100000_r3,avl,S,69846,5294.493600206168,4300,11300,0.3697992,13427,16,34247,31325
scale_n100000_r3,avl,RANK,500,4252.8,3900,8500,0.0021264,13427,16,34247,31325
scale_n100000_r3,avl,SELECT,500,6419.8,5500,11500,0.0032099,13427,16,34247,31325
scale_n100000_r3,avl,RANGE,500,11578.4,9500,35100,0.0057892,13427,16,34247,31325
scale_n100000_r3,avl,ALL,201500,32405.610421836227,26400,127000,6.5297305,13427,16,34247,31325
scale_n100000_r3,bst,I,70269,7135.883533279255,5500,16600,0.5014314,13427,26,0,0
scale_n100000_r3,bst,D,59885,9832.16498288386,6500,21700,0.5887992,13427,26,0,0
scale_n100000_r3,bst,S,69846,7027.103914325802,4800,12200,0.4908151,13427,26,0,0
scale_n100000_r3,bst,RANK,500,4540892.2,3664300,15534400,2.2704461,13427,26,0,0
scale_n100000_r3,bst,SELECT,500,3955653.0,3226500,13753100,1.9778265,13427,26,0,0
scale_n100000_r3,bst,RANGE,500,3906433.8,2724400,17160400,1.9532169,13427,26,0,0
scale_n100000_r3,bst,ALL,201500,38623.003473945406,5500,65600,7.7825352,13427,26,0,0
scale_n1000000_r1,avl,I,700814,56097.629898946085,44500,226800,39.3140044,130468,20,341770,313389
scale_n1000000_r1,avl,D,600092,52117.38850042994,41200,204000,31.2752279,130468,20,341770,313389
scale_n1000000_r1,avl,S,699094,6215.720203577774,4600,17900,4.3453727,130468,20,341770,313389
scale_n1000000_r1,avl,RANK,500,4692.6,2600,12600,0.0023463,130468,20,341770,313389
scale_n1000000_r1,avl,SELECT,500,6180.2,4600,16000,0.0030901,130468,20,341770,313389
scale_n1000000_r1,avl,RANGE,500,11161.2,8100,31200,0.0055806,130468,20,341770,313389
scale_n1000000_r1,avl,ALL,2001500,37444.72745440919,23900,152400,74.945622,130468,20,341770,313389
scale_n1000000_r1,bst,I,700814,5106.71533388317,4000,12000,3.5788576,130468,33,0,0
scale_n1000000_r1,bst,D,600092,6032.154569632657,4800,14400,3.6198477,130468,33,0,0
scale_n1000000_r1,bst,S,699094,4556.770906344497,3500,10700,3.1856112,130468,33,0,0
scale_n1000000_r1,bst,RANK,500,33474168.0,33007700,86494700,16.737084,130468,33,0,0
scale_n1000000_r1,bst,SELECT,500,25018920.4,26130000,63376100,12.5094602,130468,33,0,0
scale_n1000000_r1,bst,RANGE,500,24600067.8,22790500,64973700,12.3000339,130468,33,0,0
scale_n1000000_r1,bst,ALL,2001500,25945.987809143142,4000,13000,51.9308946,130468,33,0,0
scale_n1000000_r2,avl,I,700814,42391.52200155819,35500,131000,29.7085721,130468,20,341770,313389
scale_n1000000_r2,avl,D,600092,39270.4850256294,33600,120200,23.5659039,130468,20,341770,313389
scale_n1000000_r2,avl,S,699094,4659.567382927045,3600,11400,3.2574756,130468,20,341770,313389
scale_n1000000_r2,avl,RANK,500,3172.0,3300,5700,0.001586,130468,20,341770,313389
scale_n1000000_r2,avl,SELECT,500,4973.8,5400,10800,0.0024869,130468,20,341770,313389
scale_n1000000_r2,avl,RANGE,500,8551.6,8500,22400,0.0042758,130468,20,341770,313389
scale_n1000000_r2,avl,ALL,2001500,28248.96342742943,20000,97500,56.5403003,130468,20,341770,313389
scale_n1000000_r2,bst,I,700814,4103.66616534487,3600,9900,2.8759067,130468,33,0,0
scale_n1000000_r2,bst,D,600092,4759.971471041107,4300,11400,2.8564208,130468,33,0,0
scale_n1000000_r2,bst,S,699094,3591.741453938955,3100,8800,2.5109649,130468,33,0,0
scale_n1000000_r2,bst,RANK,500,33196757.8,31823100,90694100,16.5983789,130468,33,0,0
scale_n1000000_r2,bst,SELECT,500,25201155.6,25927200,67984500,12.6005778,130468,33,0,0
scale_n1000000_r2,bst,RANGE,500,25680771.2,21872400,94260200,12.8403856,130468,33,0,0
scale_n1000000_r2,bst,ALL,2001500,25122.475493379967,3600,10500,50.2826347,130468,33,0,0
scale_n1000000_r3,avl,I,700814,40446.8622202182,34200,123300,28.3457273,130468,20,341770,313389
scale_n1000000_r3,avl,D,600092,38236.51056837951,32400,115200,22.9454241,130468,20,341770,313389
scale_n1000000_r3,avl,S,699094,4601.5447135864415,3500,11600,3.2169123,130468,20,341770,313389
scale_n1000000_r3,avl,RANK,500,6261.4,4700,40900,0.0031307,130468,20,341770,313389
scale_n1000000_r3,avl,SELECT,500,8163.2,7800,21300,0.0040816,130468,20,341770,313389
scale_n1000000_r3,avl,RANGE,500,13898.0,12900,50400,0.006949,130468,20,341770,313389
scale_n1000000_r3,avl,ALL,2001500,27240.68198850862,19000,96900,54.522225,130468,20,341770,313389
scale_n1000000_r3,bst,I,700814,4240.941248319811,3700,10300,2.972111,130468,33,0,0
scale_n1000000_r3,bst,D,600092,4994.283709831159,4400,12000,2.9970297,130468,33,0,0
scale_n1000000_r3,bst,S,699094,3753.8293848895855,3200,9200,2.6242796,130468,33,0,0
scale_n1000000_r3,bst,RANK,500,33048847.2,31796100,97504800,16.5244236,130468,33,0,0
scale_n1000000_r3,bst,SELECT,500,24613042.4,24541300,66999900,12.3065212,130468,33,0,0
scale_n1000000_r3,bst,RANGE,500,24821587.2,21710900,69702800,12.4107936,130468,33,0,0
scale_n1000000_r3,bst,ALL,2001500,24898.90517112166,3600,11000,49.8351587,130468,33,0,0
theta_0_0_r1,avl,I,70269,25370.035150635416,24500,68100,1.782727,13427,16,34478,31307
theta_0_0_r1,avl,D,59885,23627.926859814645,22900,63100,1.4149584,13427,16,34478,31307
theta_0_0_r1,avl,S,69846,2576.073075050826,2300,6700,0.1799284,13427,16,34478,31307
theta_0_0_r1,avl,RANK,500,2865.6,2800,6100,0.0014328,13427,16,34478,31307
theta_0_0_r1,avl,SELECT,500,4087.2,3800,9000,0.0020436,13427,16,34478,31307
theta_0_0_r1,avl,RANGE,500,7750.8,7100,21800,0.0038754,13427,16,34478,31307
theta_0_0_r1,avl,ALL,201500,16798.836724565757,13000,54300,3.3849656,13427,16,34478,31307
theta_0_0_r1,bst,I,70269,3619.756934067654,2900,8800,0.2543567,13427,26,0,0
theta_0_0_r1,bst,D,59885,4334.674793353928,3400,10400,0.259582,13427,26,0,0
theta_0_0_r1,bst,S,69846,3159.5868052572805,2400,7900,0.2206845,13427,26,0,0
theta_0_0_r1,bst,RANK,500,3507591.4,2904800,11395100,1.7537957,13427,26,0,0
theta_0_0_r1,bst,SELECT,500,2875232.2,2341000,10087500,1.4376161,13427,26,0,0
theta_0_0_r1,bst,RANGE,500,2720914.2,1999200,9190800,1.3604571,13427,26,0,0
theta_0_0_r1,bst,ALL,201500,26235.69280397022,2800,26100,5.2864921,13427,26,0,0
theta_0_0_r2,avl,I,70269,35107.25640040416,28500,120800,2.4669518,13427,16,34478,31307
theta_0_0_r2,avl,D,59885,31758.971361776737,26500,103700,1.901886,13427,16,34478,31307
theta_0_0_r2,avl,S,69846,3719.165020187269,2700,9000,0.2597688,13427,16,34478,31307
theta_0_0_r2,avl,RANK,500,3765.8,3500,7300,0.0018829,13427,16,34478,31307
theta_0_0_r2,avl,SELECT,500,5634.8,4900,27000,0.0028174,13427,16,34478,31307
theta_0_0_r2,avl,RANGE,500,11073.8,8500,32000,0.0055369,13427,16,34478,31307
theta_0_0_r2,avl,ALL,201500,23021.557320099255,14100,83500,4.6388438,13427,16,34478,31307
theta_0_0_r2,bst,I,70269,5594.96648593263,4500,14700,0.3931527,13427,26,0,0
theta_0_0_r2,bst,D,59885,6493.333889955748,5400,16800,0.3888533,13427,26,0,0
theta_0_0_r2,bst,S,69846,4721.964035163073,3900,11600,0.3298103,13427,26,0,0
theta_0_0_r2,bst,RANK,500,4237566.8,3840900,10972600,2.1187834,13427,26,0,0
theta_0_0_r2,bst,SELECT,500,3483132.6,3041900,10029100,1.7415663,13427,26,0,0
theta_0_0_r2,bst,RANGE,500,3420353.2,2802100,11089800,1.7101766,13427,26,0,0
theta_0_0_r2,bst,ALL,201500,33162.9905707196,4500,50000,6.6823426,13427,26,0,0
theta_0_0_r3,avl,I,70269,38603.20909647213,33300,138900,2.7126089,13427,16,34478,31307
theta_0_0_r3,avl,D,59885,35939.48401102112,29500,121100,2.152236,13427,16,34478,31307
theta_0_0_r3,avl,S,69846,4120.018326031555,3200,9700,0.2877668,13427,16,34478,31307
theta_0_0_r3,avl,RANK,500,6344.4,5900,18100,0.0031722,13427,16,34478,31307
theta_0_0_r3,avl,SELECT,500,8916.6,8200,32800,0.0044583,13427,16,34478,31307
theta_0_0_r3,avl,RANGE,500,16050.0,14900,52500,0.008025,13427,16,34478,31307
theta_0_0_r3,avl,ALL,201500,25648.968734491315,14900,93800,5.1682672,13427,16,34478,31307
theta_0_0_r3,bst,I,70269,5643.929755653276,4700,11400,0.3965933,13427,26,0,0
theta_0_0_r3,bst,D,59885,6672.9564999582535,5500,14900,0.39961,13427,26,0,0
theta_0_0_r3,bst,S,69846,4996.157260258283,4000,10200,0.3489616,13427,26,0,0
theta_0_0_r3,bst,RANK,500,3814066.8,3093300,12753100,1.9070334,13427,26,0,0
theta_0_0_r3,bst,SELECT,500,3185508.8,2459700,12001300,1.5927544,13427,26,0,0
theta_0_0_r3,bst,RANGE,500,3047616.2,2277900,11545300,1.5238081,13427,26,0,0
theta_0_0_r3,bst,ALL,201500,30614.19751861042,4600,50400,6.1687608,13427,26,0,0
theta_0_6_r1,avl,I,70269,37124.178513996216,29200,106700,2.6086789,13427,16,34247,31325
theta_0_6_r1,avl,D,59885,32783.84403439926,26800,95000,1.9632605,13427,16,34247,31325
theta_0_6_r1,avl,S,69846,3706.3010050682933,2800,8500,0.2588703,13427,16,34247,31325
theta_0_6_r1,avl,RANK,500,3544.8,3400,6200,0.0017724,13427,16,34247,31325
theta_0_6_r1,avl,SELECT,500,5082.8,4900,9300,0.0025414,13427,16,34247,31325
theta_0_6_r1,avl,RANGE,500,8539.8,8200,15800,0.0042699,13427,16,34247,31325
theta_0_6_r1,avl,ALL,201500,24016.840694789083,14400,78900,4.8393934,13427,16,34247,31325
theta_0_6_r1,bst,I,70269,3731.4989540195534,3000,9200,0.2622087,13427,26,0,0
theta_0_6_r1,bst,D,59885,4481.127160390749,3600,10800,0.2683523,13427,26,0,0
theta_0_6_r1,bst,S,69846,3252.9937290610774,2500,8100,0.2272086,13427,26,0,0
theta_0_6_r1,bst,RANK,500,3438027.2,2734900,12296700,1.7190136,13427,26,0,0
theta_0_6_r1,bst,SELECT,500,3010064.2,2428000,10505000,1.5050321,13427,26,0,0
theta_0_6_r1,bst,RANGE,500,2881107.2,2226400,10440200,1.4405536,13427,26,0,0
theta_0_6_r1,bst,ALL,201500,26910.01935483871,2900,28300,5.4223689,13427,26,0,0
theta_0_6_r2,avl,I,70269,35845.30447281162,29700,117800,2.5188137,13427,16,34247,31325
theta_0_6_r2,avl,D,59885,32225.572346998415,27300,102700,1.9298284,13427,16,34247,31325
theta_0_6_r2,avl,S,69846,3475.647853849898,2800,8600,0.2427601,13427,16,34247,31325
theta_0_6_r2,avl,RANK,500,6584.4,4600,8300,0.0032922,13427,16,34247,31325
theta_0_6_r2,avl,SELECT,500,6460.6,7000,12300,0.0032303,13427,16,34247,31325
theta_0_6_r2,avl,RANGE,500,11616.4,11400,20500,0.0058082,13427,16,34247,31325
theta_0_6_r2,avl,ALL,201500,23343.58759305211,14700,84900,4.7037329,13427,16,34247,31325
theta_0_6_r2,bst,I,70269,3807.068550854573,2400,9200,0.2675189,13427,26,0,0
theta_0_6_r2,bst,D,59885,4282.581614761626,2800,11500,0.2564624,13427,26,0,0
theta_0_6_r2,bst,S,69846,3347.1551699453084,2000,8100,0.2337854,13427,26,0,0
theta_0_6_r2,bst,RANK,500,3701927.8,2888100,15143000,1.8509639,13427,26,0,0
theta_0_6_r2,bst,SELECT,500,3212286.6,2596700,11638400,1.6061433,13427,26,0,0
theta_0_6_r2,bst,RANGE,500,3064127.8,2109100,15027500,1.5320639,13427,26,0,0
theta_0_6_r2,bst,ALL,201500,28520.78312655087,2400,28500,5.7469378,13427,26,0,0
theta_0_6_r3,avl,I,70269,40726.72729083949,29700,147800,2.8618264,13427,16,34247,31325
theta_0_6_r3,avl,D,59885,39900.31393504216,27300,139100,2.3894303,13427,16,34247,31325
theta_0_6_r3,avl,S,69846,4165.025914153996,2800,9900,0.2909104,13427,16,34247,31325
theta_0_6_r3,avl,RANK,500,3728.8,3300,6600,0.0018644,13427,16,34247,31325
theta_0_6_r3,avl,SELECT,500,5432.2,4800,10400,0.0027161,13427,16,34247,31325
theta_0_6_r3,avl,RANGE,500,8374.0,7700,18200,0.004187,13427,16,34247,31325
theta_0_6_r3,avl,ALL,201500,27548.06253101737,15000,101600,5.5509346,13427,16,34247,31325
theta_0_6_r3,bst,I,70269,2759.3177645903597,2400,7000,0.1938945,13427,26,0,0
theta_0_6_r3,bst,D,59885,3333.642815396176,2900,8200,0.1996352,13427,26,0,0
theta_0_6_r3,bst,S,69846,2322.9776937834663,2000,6200,0.1622507,13427,26,0,0
theta_0_6_r3,bst,RANK,500,2938211.8,2264000,12264500,1.4691059,13427,26,0,0
theta_0_6_r3,bst,SELECT,500,2605734.0,2151500,9754300,1.302867,13427,26,0,0
theta_0_6_r3,bst,RANGE,500,2466528.8,1815200,10425200,1.2332644,13427,26,0,0
theta_0_6_r3,bst,ALL,201500,22635.323573200993,2300,14100,4.5610177,13427,26,0,0
theta_0_99_r1,avl,I,70269,26170.22442328765,24700,69300,1.8389555,13427,16,29613,28195
theta_0_99_r1,avl,D,59885,23458.958002838775,22900,60000,1.4048397,13427,16,29613,28195
theta_0_99_r1,avl,S,69846,2757.7112504653096,2400,6800,0.1926151,13427,16,29613,28195
theta_0_99_r1,avl,RANK,500,3356.2,3300,6800,0.0016781,13427,16,29613,28195
theta_0_99_r1,avl,SELECT,500,4746.4,4800,9300,0.0023732,13427,16,29613,28195
theta_0_99_r1,avl,RANGE,500,8162.4,7900,14900,0.0040812,13427,16,29613,28195
theta_0_99_r1,avl,ALL,201500,17094.505210918112,13500,54300,3.4445428,13427,16,29613,28195
theta_0_99_r1,bst,I,70269,2732.079579900098,2400,7100,0.1919805,13427,29,0,0
theta_0_99_r1,bst,D,59885,3155.317692243467,2900,8200,0.1889562,13427,29,0,0
theta_0_99_r1,bst,S,69846,2416.211379320219,2100,6300,0.1687627,13427,29,0,0
theta_0_99_r1,bst,RANK,500,3003865.0,2481800,10317600,1.5019325,13427,29,0,0
theta_0_99_r1,bst,SELECT,500,2441281.2,2013400,8031800,1.2206406,13427,29,0,0
theta_0_99_r1,bst,RANGE,500,2182336.0,1734500,7385600,1.091168,13427,29,0,0
theta_0_99_r1,bst,ALL,201500,21654.791563275434,2400,15600,4.3634405,13427,29,0,0
theta_0_99_r2,avl,I,70269,31281.87109536211,25900,102400,2.1981458,13427,16,29613,28195
theta_0_99_r2,avl,D,59885,28679.559155047173,23900,91900,1.7174754,13427,16,29613,28195
theta_0_99_r2,avl,S,69846,3372.3076482547317,2500,8900,0.2355422,13427,16,29613,28195
theta_0_99_r2,avl,RANK,500,9872.4,5400,17400,0.0049362,13427,16,29613,28195
theta_0_99_r2,avl,SELECT,500,9771.0,7800,28800,0.0048855,13427,16,29613,28195
theta_0_99_r2,avl,RANGE,500,15129.8,13300,64900,0.0075649,13427,16,29613,28195
theta_0_99_r2,avl,ALL,201500,20687.59305210918,14300,76800,4.16855,13427,16,29613,28195
theta_0_99_r2,bst,I,70269,2710.3929186412215,2400,7000,0.1904566,13427,29,0,0
theta_0_99_r2,bst,D,59885,3153.946731234867,2900,8100,0.1888741,13427,29,0,0
theta_0_99_r2,bst,S,69846,2388.444578071758,2100,6300,0.1668233,13427,29,0,0
theta_0_99_r2,bst,RANK,500,2895953.0,2515400,10485900,1.4479765,13427,29,0,0
theta_0_99_r2,bst,SELECT,500,2416355.8,1799200,9262600,1.2081779,13427,29,0,0
theta_0_99_r2,bst,RANGE,500,2190027.8,1694300,8571800,1.0950139,13427,29,0,0
theta_0_99_r2,bst,ALL,201500,21326.66153846154,2400,14800,4.2973223,13427,29,0,0
theta_0_99_r3,avl,I,70269,27661.735615989983,23700,85100,1.9437625,13427,16,29613,28195
theta_0_99_r3,avl,D,59885,25610.383234532856,22200,77500,1.5336778,13427,16,29613,28195
theta_0_99_r3,avl,S,69846,3151.145376972196,2300,7600,0.2200949,13427,16,29613,28195
theta_0_99_r3,avl,RANK,500,2855.8,2600,6600,0.0014279,13427,16,29613,28195
theta_0_99_r3,avl,SELECT,500,3988.0,3300,10000,0.001994,13427,16,29613,28195
theta_0_99_r3,avl,RANGE,500,7341.2,6600,27300,0.0036706,13427,16,29613,28195
theta_0_99_r3,avl,ALL,201500,18385.249131513647,12600,65300,3.7046277,13427,16,29613,28195
theta_0_99_r3,bst,I,70269,2775.4386713913673,2500,7000,0.1950273,13427,29,0,0
theta_0_99_r3,bst,D,59885,3177.9460632879686,2900,8000,0.1903113,13427,29,0,0
theta_0_99_r3,bst,S,69846,2417.2980557225897,2200,6200,0.1688386,13427,29,0,0
theta_0_99_r3,bst,RANK,500,3255667.6,2843400,11239000,1.6278338,13427,29,0,0
theta_0_99_r3,bst,SELECT,500,2665391.4,2404300,8844100,1.3326957,13427,29,0,0
theta_0_99_r3,bst,RANGE,500,2342645.6,1813600,9353300,1.1713228,13427,29,0,0
theta_0_99_r3,bst,ALL,201500,23255.72952853598,2400,14400,4.6860295,13427,29,0,0
theta_1_2_r1,avl,I,70269,26400.933555337346,23500,66000,1.8551672,13427,16,24983,25143
theta_1_2_r1,avl,D,59885,22145.158219921515,22200,58400,1.3261628,13427,16,24983,25143
theta_1_2_r1,avl,S,69846,2607.5079460527445,2300,6600,0.182124,13427,16,24983,25143
theta_1_2_r1,avl,RANK,500,2466.4,1600,5500,0.0012332,13427,16,24983,25143
theta_1_2_r1,avl,SELECT,500,2401.4,2000,8100,0.0012007,13427,16,24983,25143
theta_1_2_r1,avl,RANGE,500,4179.0,3700,11900,0.0020895,13427,16,24983,25143
theta_1_2_r1,avl,ALL,201500,16714.528039702232,12400,52900,3.3679774,13427,16,24983,25143
theta_1_2_r1,bst,I,70269,2758.5905591370306,2600,6800,0.1938434,13427,29,0,0
theta_1_2_r1,bst,D,59885,3258.136428153962,3200,7900,0.1951135,13427,29,0,0
theta_1_2_r1,bst,S,69846,2376.4796838759557,2200,6000,0.1659876,13427,29,0,0
theta_1_2_r1,bst,RANK,500,2783276.2,2118700,9950400,1.3916381,13427,29,0,0
theta_1_2_r1,bst,SELECT,500,2300863.0,1729600,7853800,1.1504315,13427,29,0,0
theta_1_2_r1,bst,RANGE,500,2286423.4,1653700,8659400,1.1432117,13427,29,0,0
theta_1_2_r1,bst,ALL,201500,21043.304218362282,2500,11100,4.2402258,13427,29,0,0
theta_1_2_r2,avl,I,70269,30006.384038480697,25100,99500,2.1085186,13427,16,24983,25143
theta_1_2_r2,avl,D,59885,26581.836853970108,23000,86600,1.5918533,13427,16,24983,25143
theta_1_2_r2,avl,S,69846,3261.5153337342153,2400,8500,0.2278038,13427,16,24983,25143
theta_1_2_r2,avl,RANK,500,3717.8,3300,8300,0.0018589,13427,16,24983,25143
theta_1_2_r2,avl,SELECT,500,6167.2,5100,27200,0.0030836,13427,16,24983,25143
theta_1_2_r2,avl,RANGE,500,9346.0,8100,33100,0.004673,13427,16,24983,25143
theta_1_2_r2,avl,ALL,201500,19542.388089330027,13100,72800,3.9377912,13427,16,24983,25143
theta_1_2_r2,bst,I,70269,2976.0093355533736,2600,7200,0.2091212,13427,29,0,0
theta_1_2_r2,bst,D,59885,3530.7138682474742,3300,8600,0.2114368,13427,29,0,0
theta_1_2_r2,bst,S,69846,2643.537210434384,2300,6400,0.1846405,13427,29,0,0
theta_1_2_r2,bst,RANK,500,2913605.2,2349700,9960500,1.4568026,13427,29,0,0
theta_1_2_r2,bst,SELECT,500,2462982.4,1781300,8036100,1.2314912,13427,29,0,0
theta_1_2_r2,bst,RANGE,500,2295402.6,1616900,8082100,1.1477013,13427,29,0,0
theta_1_2_r2,bst,ALL,201500,22040.663027295286,2600,20900,4.4411936,13427,29,0,0
theta_1_2_r3,avl,I,70269,34183.897593533424,28600,113100,2.4020683,13427,16,24983,25143
theta_1_2_r3,avl,D,59885,31402.205894631377,26400,99100,1.8805211,13427,16,24983,25143
theta_1_2_r3,avl,S,69846,4237.040059559603,2800,9100,0.2959403,13427,16,24983,25143
theta_1_2_r3,avl,RANK,500,2961.8,1800,7200,0.0014809,13427,16,24983,25143
theta_1_2_r3,avl,SELECT,500,3735.8,2500,10100,0.0018679,13427,16,24983,25143
theta_1_2_r3,avl,RANGE,500,6535.2,4500,18800,0.0032676,13427,16,24983,25143
theta_1_2_r3,avl,ALL,201500,22755.067493796527,13300,82100,4.5851461,13427,16,24983,25143
theta_1_2_r3,bst,I,70269,3948.919153538545,3100,9800,0.2774866,13427,29,0,0
theta_1_2_r3,bst,D,59885,4787.003423227853,3800,11600,0.2866697,13427,29,0,0
theta_1_2_r3,bst,S,69846,3672.8688829711077,2700,8600,0.2565352,13427,29,0,0
theta_1_2_r3,bst,RANK,500,5082024.2,3091600,29903600,2.5410121,13427,29,0,0
theta_1_2_r3,bst,SELECT,500,4202625.6,2967300,17731700,2.1013128,13427,29,0,0
theta_1_2_r3,bst,RANGE,500,3976880.4,2474700,19318400,1.9884402,13427,29,0,0
theta_1_2_r3,bst,ALL,201500,36979.9334987593,3100,31100,7.4514566,13427,29,0,0
order_shuffle_r1,avl,I,6907,17285.05863616621,11700,56100,0.1193879,1147,12,3431,3137
order_shuffle_r1,avl,D,6072,15520.256916996048,9500,47800,0.094239,1147,12,3431,3137
order_shuffle_r1,avl,S,7021,1711.1522575131748,1100,5200,0.012014,1147,12,3431,3137
order_shuffle_r1,avl,RANK,500,2450.4,2500,5300,0.0012252,1147,12,3431,3137
order_shuffle_r1,avl,SELECT,500,3619.6,3400,6400,0.0018098,1147,12,3431,3137
order_shuffle_r1,avl,RANGE,500,5844.0,5800,12500,0.002922,1147,12,3431,3137
order_shuffle_r1,avl,ALL,21500,10771.995348837208,7900,44800,0.2315979,1147,12,3431,3137
order_shuffle_r1,bst,I,6907,3817.417113073693,2700,6500,0.0263669,1147,19,0,0
order_shuffle_r1,bst,D,6072,3816.320816864295,3100,7600,0.0231727,1147,19,0,0
order_shuffle_r1,bst,S,7021,2713.7159948725252,2400,5800,0.019053,1147,19,0,0
order_shuffle_r1,bst,RANK,500,442659.8,353800,3138000,0.2213299,1147,19,0,0
order_shuffle_r1,bst,SELECT,500,441227.4,334300,3343500,0.2206137,1147,19,0,0
order_shuffle_r1,bst,RANGE,500,403577.2,261800,3237800,0.2017886,1147,19,0,0
order_shuffle_r1,bst,ALL,21500,33131.38604651163,2900,678000,0.7123248,1147,19,0,0
order_shuffle_r2,avl,I,6907,35725.61169827711,28700,156900,0.2467568,1147,12,3431,3137
order_shuffle_r2,avl,D,6072,28859.453227931488,26000,124100,0.1752346,1147,12,3431,3137
order_shuffle_r2,avl,S,7021,3911.8359208090014,3100,7900,0.027465,1147,12,3431,3137
order_shuffle_r2,avl,RANK,500,2595.6,2700,5100,0.0012978,1147,12,3431,3137
order_shuffle_r2,avl,SELECT,500,4150.4,3500,7500,0.0020752,1147,12,3431,3137
order_shuffle_r2,avl,RANGE,500,6845.0,6100,14000,0.0034225,1147,12,3431,3137
order_shuffle_r2,avl,ALL,21500,21221.018604651163,13200,82500,0.4562519,1147,12,3431,3137
order_shuffle_r2,bst,I,6907,4496.727957144925,3900,7900,0.0310589,1147,19,0,0
order_shuffle_r2,bst,D,6072,5384.634387351779,4500,8500,0.0326955,1147,19,0,0
order_shuffle_r2,bst,S,7021,3922.5181598062954,3400,6300,0.02754,1147,19,0,0
order_shuffle_r2,bst,RANK,500,417046.4,319300,3078600,0.2085232,1147,19,0,0
order_shuffle_r2,bst,SELECT,500,431210.0,268600,3902200,0.215605,1147,19,0,0
order_shuffle_r2,bst,RANGE,500,337091.2,230300,1693500,0.1685456,1147,19,0,0
order_shuffle_r2,bst,ALL,21500,31812.474418604652,4000,659100,0.6839682,1147,19,0,0
order_shuffle_r3,avl,I,6907,39378.55798465325,31800,154200,0.2719877,1147,12,3431,3137
order_shuffle_r3,avl,D,6072,33494.33465085639,28400,137200,0.2033776,1147,12,3431,3137
order_shuffle_r3,avl,S,7021,4246.64577695485,3400,9100,0.0298157,1147,12,3431,3137
order_shuffle_r3,avl,RANK,500,6079.8,4300,11200,0.0030399,1147,12,3431,3137
order_shuffle_r3,avl,SELECT,500,5733.0,5500,17000,0.0028665,1147,12,3431,3137
order_shuffle_r3,avl,RANGE,500,9656.2,10300,38600,0.0048281,1147,12,3431,3137
order_shuffle_r3,avl,ALL,21500,23996.06976744186,21200,95700,0.5159155,1147,12,3431,3137
order_shuffle_r3,bst,I,6907,3946.0692051541914,3600,7400,0.0272555,1147,19,0,0
order_shuffle_r3,bst,D,6072,4816.534914361001,4100,11900,0.029246,1147,19,0,0
order_shuffle_r3,bst,S,7021,4235.123201823102,3200,7000,0.0297348,1147,19,0,0
order_shuffle_r3,bst,RANK,500,355292.6,260100,1629900,0.1776463,1147,19,0,0
order_shuffle_r3,bst,SELECT,500,368721.4,237300,3101700,0.1843607,1147,19,0,0
order_shuffle_r3,bst,RANGE,500,326764.6,196600,2394400,0.1633823,1147,19,0,0
order_shuffle_r3,bst,ALL,21500,28447.702325581395,3700,628700,0.6116256,1147,19,0,0
order_sorted_r1,avl,I,6900,46540.97101449275,37200,193300,0.3211327,1088,12,7498,685
order_sorted_r1,avl,D,6124,31928.93533638145,27500,125700,0.1955328,1088,12,7498,685
order_sorted_r1,avl,S,6976,5228.9850917431195,3300,7800,0.0364774,1088,12,7498,685
order_sorted_r1,avl,RANK,500,2638.0,2200,7900,0.001319,1088,12,7498,685
order_sorted_r1,avl,SELECT,500,6055.4,6000,15200,0.0030277,1088,12,7498,685
order_sorted_r1,avl,RANGE,500,5895.2,4400,16000,0.0029476,1088,12,7498,685
order_sorted_r1,avl,ALL,21500,26066.846511627908,17300,95900,0.5604372,1088,12,7498,685
order_sorted_r1,bst,I,6900,191666.60869565216,125200,970300,1.3224996,1088,1088,0,0
order_sorted_r1,bst,D,6124,96804.42521227956,49000,650700,0.5928303,1088,1088,0,0
order_sorted_r1,bst,S,6976,72140.58199541284,31500,467600,0.5032527,1088,1088,0,0
order_sorted_r1,bst,RANK,500,33165.6,1400,801100,0.0165828,1088,1088,0,0
order_sorted_r1,bst,SELECT,500,298957.8,198600,1616200,0.1494789,1088,1088,0,0
order_sorted_r1,bst,RANGE,500,89623.2,1900,1338500,0.0448116,1088,1088,0,0
order_sorted_r1,bst,ALL,21500,122300.27441860465,59800,829300,2.6294559,1088,1088,0,0
order_sorted_r2,avl,I,6900,37570.42028985507,35800,136400,0.2592359,1088,12,7498,685
order_sorted_r2,avl,D,6124,29907.331809274983,25700,131000,0.1831525,1088,12,7498,685
order_sorted_r2,avl,S,6976,3353.741399082569,3100,6500,0.0233957,1088,12,7498,685
order_sorted_r2,avl,RANK,500,2840.4,2100,7000,0.0014202,1088,12,7498,685
order_sorted_r2,avl,SELECT,500,5844.0,5800,8800,0.002922,1088,12,7498,685
order_sorted_r2,avl,RANGE,500,5852.8,4300,17500,0.0029264,1088,12,7498,685
order_sorted_r2,avl,ALL,21500,22002.451162790698,16100,90200,0.4730527,1088,12,7498,685
order_sorted_r2,bst,I,6900,174348.34782608695,133600,982500,1.2030036,1088,1088,0,0
order_sorted_r2,bst,D,6124,87946.83213585892,49400,438900,0.5385864,1088,1088,0,0
order_sorted_r2,bst,S,6976,69701.89220183487,31100,435700,0.4862404,1088,1088,0,0
order_sorted_r2,bst,RANK,500,19917.2,900,493100,0.0099586,1088,1088,0,0
order_sorted_r2,bst,SELECT,500,205830.6,137700,771900,0.1029153,1088,1088,0,0
order_sorted_r2,bst,RANGE,500,51040.0,1100,947400,0.02552,1088,1088,0,0
order_sorted_r2,bst,ALL,21500,110056.94418604652,61600,689200,2.3662243,1088,1088,0,0
order_sorted_r3,avl,I,6900,22787.840579710144,20500,60400,0.1572361,1088,12,7498,685
order_sorted_r3,avl,D,6124,17472.828216851733,14000,50400,0.1070036,1088,12,7498,685
order_sorted_r3,avl,S,6976,2103.956422018349,1700,5200,0.0146772,1088,12,7498,685
order_sorted_r3,avl,RANK,500,1084.6,800,4300,0.0005423,1088,12,7498,685
order_sorted_r3,avl,SELECT,500,2212.2,1600,6600,0.0011061,1088,12,7498,685
order_sorted_r3,avl,RANGE,500,2157.2,1300,9400,0.0010786,1088,12,7498,685
order_sorted_r3,avl,ALL,21500,13099.716279069768,8800,47500,0.2816439,1088,12,7498,685
order_sorted_r3,bst,I,6900,163705.95652173914,81900,946800,1.1295711,1088,1088,0,0
order_sorted_r3,bst,D,6124,83588.11234487263,29800,479800,0.5118936,1088,1088,0,0
order_sorted_r3,bst,S,6976,64790.16628440367,16800,377800,0.4519762,1088,1088,0,0
order_sorted_r3,bst,RANK,500,17065.0,500,452700,0.0085325,1088,1088,0,0
order_sorted_r3,bst,SELECT,500,160385.6,99400,909900,0.0801928,1088,1088,0,0
order_sorted_r3,bst,RANGE,500,45886.4,800,831300,0.0229432,1088,1088,0,0
order_sorted_r3,bst,ALL,21500,102563.22790697674,34000,638400,2.2051094,1088,1088,0,0

